{"cameraMode":{"drawMode":0,"name":"Shaded","section":"Shading Mode"},"sceneLighting":true,"audioPlay":false,"sceneViewState":{"showFog":true,"showMaterialUpdate":false,"showSkybox":true,"showFlares":true,"showImageEffects":true,"showParticleSystems":true},"in2DMode":false,"pivot":{"x":-2.2774810791015627,"y":2.430976152420044,"z":-7.388631343841553},"rotation":{"x":-0.1315077245235443,"y":0.040429942309856418,"z":-0.005367936100810766,"w":-0.9904766082763672},"size":0.1799170970916748,"orthographic":false}