{"cameraMode":{"drawMode":0,"name":"Shaded","section":"Shading Mode"},"sceneLighting":false,"audioPlay":false,"sceneViewState":{"showFog":true,"showMaterialUpdate":false,"showSkybox":true,"showFlares":true,"showImageEffects":true,"showParticleSystems":true},"in2DMode":false,"pivot":{"x":-2.293055534362793,"y":1.0252158641815186,"z":-1.6956956386566163},"rotation":{"x":-0.009332045912742615,"y":0.9903809428215027,"z":-0.08488450944423676,"w":-0.10888221114873886},"size":4.328100681304932,"orthographic":false}